CODIGO_ALMACENADORA,NOMBRE_ALMACENADORA,,
-1,NO APLICA,,
AS5,ALSERSA ANEXO SANTO TOMAS DE CASTILLA,,
CB1,COMPAÑIA BANANERA GUATEMALTECA INDEPENDIENTE S A,,
CE2,Central Almacenadora (CEALSA) Anexo Alka Wenker,,
PL2,Almacenadora Pelicano Anexo Cerro Brujo,,
AG3,ALMAGUATE ANEXO 36 CALLE 19-61 Z.12,,
AG4,ALMAGUATE ANEXO KM. 5.5 RUTA ATLANTICO Z.17,,
DG1,ALMACENADORA GUATEMALTECA,,
AL4,ANEXO FISCAL ALCORSA,,
OT1,DA OPERADORA DE TERMINALES,,
TX1,Texaco Guatemala Inc.,,
PL3,Almacenadora Pelicano Anexo Palin,,
GC1,GRUPO CLC,,
DE1,DISTRIBUIDORA ELECTRONICA,,
AC1,ALMACENADORA CENTROAMERICANA,,
CM1,DHL GLOBAL FORWARDING (GUATEMALA),,
CA3,CENTROAMERICANA DE ALMACENES,,
AL1,ALCORSA,,
AL2,Almacenadora Corporativa ( ALCORSA),,
AG1,(ALMAGUATE) ALMACENADORA GUATEMALTECA,,
AA1,Almacenadora Agro-Comercial,,
AA2,Almacenadora Agro-Comercial,,
AO1,Almacenadora de Occidente (ALDOSA),,
AN1,Almacenadora del Norte (ALMANORTE),,
AN2,Almacenadora del Norte (ALMANORTE ANEXO),,
AP1,(ALPASA) ALMACENADORA DEL PAIS,,
AP2,Almacenadora del País (ALPASA),,
AS1,ALMACENES Y SERVICIOS S.A.,,
AM1,(ALMINTER) ALMACENADORA INTERNACIONAL S.A. ,,
AE1,Almacenes Generales,,
CA1,CENTROAMERICANA DE ALMACENES,,
AI1,Almacenadora Integrada 1 (ALGESA),,
CE1,CENTRAL ALMACENADORA S.A.,,
NA1,Almacenadora de la Nacion (ALNASA),,
AY2,Almasilos Escuintla,,
AI2,ALMACENADORA INTEGRADA SOCIEDAD ANONIMA,,
AD1,Almacenadora de la Producción (ALPROSA),,
AS3,Almasilos Consolidados 807,,
AT1,ALMATECUN,,
AY1,ALMASILOS,,
CP1,COPENSA,,
AI3,(ALGESA) ALMACENES GENERALES,,
CAV,Central de Aviación,,
PL1,ALMACENADORA PELICANO,,
FPO,Aduana de Fardos Postales,,
AG2,Anexo Almacenadora Guatemalteca - SANTO TOMAS,,
CH1,DEPTO. DE SEGUROS Y PREVISION DEL CREDITO HIPOTECA,,
VP1,Asociación Señoras Caridad San Vicente Paúl (PL),,
CF1,Centro de Integración Familiar,,
ZG1,Zeta Gas de Centroamérica,,
LS1,LOGISTICA DE SERVICIOS S,,
PN2,Sociedad Protectora Niño Anexo Flores,,
ES1,ESSO STANDARD OIL,,
AP3,ALPASA (COBIGUA P.Q.),,
AL3,ALCORSA (COBIGUA PQ),,
AS2,ALSERSA (COBIGUA PQ),,
AP4,ALMACENADORA DEL PAIS ALPASA,,
HL1,HUB LOGISTICS,,
CG1,COLGATE PALMOLIVE (CENTRO AMERICA),,
CR1,COMPAÑIA COMERCIAL ROYER,,
IM1,INVERSIONES Y PROYECTOS MONTERREY,,
AV1,AVON SOCIEDAD ANONIMA,,
AS4,Almasilos Predio,,
CL1,CONCEPTOS LOGISTICOS,,
TB1,GRUPO TORREBISA,,
GL1,APM GLOBAL LOGISTICS GUATEMALA,,
CD1,DEPOSITOS INTEGRADOS,,
TL1,TIENDAS LIBRES DE GUATEMALA,,
CM2,DHL GLOBAL FORWARDING (GUATEMALA),,
DW1,DUWEST RECUBRIMIENTOS,,
FD1,FEDEX,,
RP1,CROPA,,
CA2,ANEXO CENTROAMERICANA ALMACENES  S.A. (CENTRALSA),,
RI1,COMPAÑÍA RECONSTRUCTORA INDUSTRIAL,,
OL1,OPERADORES LOGISTICOS RANSA,,
OR1,OPERADORES LOGISTICOS RANSA,,
PN1,Sociedad Protectora del Niño (Puerto Libre),,
BE1,BODEGAS ESPECIALIZADAS,,
CGI,CENTRALSA,,
1,ZETA GAS DE CENTRO AMERICA,,
2,ALCORSA,,
3,POTIERS,,
4,POLLO CAMPERO SOCIEDAD ANONIMA,,
51,CENTRO DE DIV,,
53,CONSULTORES  RIVERA,,
70O,CLINICA DE DIAGNOSTICO PSICOLOGICO,,
1AA,LUIS FELIPE AQUINO LINARES,,
153,ASOCIACION GUATEMALTECA DE EXPORTADORES,,
301,PUMA ENERGY GUATEMALA SOCIEDAD ANONIMA,,
71O,LUIS FELIPE AQUINO LINARES,,
151,"TRANSPORTES ""MONZON""",,
251,PUMA ENERGY GUATEMALA SOCIEDAD ANONIMA,,
AA6,SIBORY RUDYARD PRIEGO  SUBUYUJ,,
5,OPERADORA MUNDIAL,,
ZC,DISTRIBUIDORA ZOLIL ANEXO,,
ZE,DISTRIBUIDORA ZENIT,,
OC,OVERDICK BODEGA,,
ZZ,ZETA GAS ALMACENADORA,,
